N,eps_sol,eps_bssg,eps_solsol,dfe,dfe_min,tds,seq
15,-0.5,-6,0,0.192323,-0.399533,1.234432,1E+14
10,-0.5,-6,0,-0.353827,-0.430516,-0.339905,1000000000
5,-0.5,-6,0,2.246571,-0.215445,-1.312509,10000
15,-0.5,-5,0,-1.366443,-1.366443,-2.600848,1E+14
5,-0.5,-5,0,0.729272,-0.240693,-2.060209,10000
10,-0.5,-5,0,-0.767127,-0.767127,-2.316445,1000000000
15,-0.5,-4,0,-1.401222,-1.401222,-2.018186,1E+14
5,-0.5,-4,0,-0.330934,-0.330934,-2.937073,10000
10,-0.5,-4,0,-1.538004,-1.538004,-2.560578,1000000000
5,-0.5,-3,0,-1.078862,-1.078862,-3.235165,10000
10,-0.5,-3,0,-1.550903,-1.550903,-3.123833,1000000000
15,-0.5,-3,0,-1.180068,-1.180068,-3.305527,1E+14
5,-0.5,-2,0,-1.563134,-1.563134,-3.648527,10000
10,-0.5,-2,0,-1.329631,-1.329631,-3.442694,1000000000
15,-0.5,-2,0,-1.58075,-1.58075,-4.188153,1E+14
10,-0.5,-1,0,-1.703046,-1.703046,-3.296964,1000000000
5,-0.5,-1,0,-1.634031,-1.634031,-3.89477,10000
15,-0.5,-1,0,-1.474082,-1.474082,-3.229234,1E+14
5,-0.5,0,0,-1.771066,-1.771066,-3.381317,10000
10,-0.5,0,0,-1.57038,-1.57038,-3.529061,1000000000
15,-0.5,0,0,-1.779783,-1.779783,-3.757235,1E+14
15,-0.5,0.5,0,-1.653487,-1.653487,-2.505388,1E+14
5,-0.5,0.5,0,-1.865858,-1.865858,-3.608144,10000
10,-0.5,0.5,0,-1.649267,-1.649267,-3.720692,1000000000
5,-0.5,1,0,-1.836133,-1.836133,-3.330787,10000
10,-0.5,1,0,-1.744364,-1.744364,-3.575152,1000000000
15,-0.5,1,0,-1.587731,-1.587731,-3.662626,1E+14
15,-0.4,-6,0,0.709389,-0.164898,1.344521,1E+14
5,-0.4,-6,0,2.200417,-0.234008,-1.480737,10000
10,-0.4,-6,0,0.555393,-0.786241,3.935157,1000000000
15,-0.4,-5,0,-0.848809,-0.848809,-1.732937,1E+14
10,-0.4,-5,0,-0.713127,-0.713127,-2.004934,1000000000
5,-0.4,-5,0,1.115112,-0.213295,-1.790139,10000
15,-0.4,-4,0,-1.231442,-1.231442,-1.992745,1E+14
10,-0.4,-4,0,-1.234368,-1.234368,-2.908458,1000000000
5,-0.4,-4,0,-0.168468,-0.231265,-2.179033,10000
10,-0.4,-3,0,-1.531031,-1.531031,-3.088537,1000000000
5,-0.4,-3,0,-0.959219,-0.959219,-3.17399,10000
15,-0.4,-3,0,-1.326836,-1.326836,-3.771482,1E+14
10,-0.4,-2,0,-1.716508,-1.716508,-3.397376,1000000000
5,-0.4,-2,0,-1.665276,-1.665276,-3.65036,10000
15,-0.4,-2,0,-1.526886,-1.526886,-3.118019,1E+14
5,-0.4,-1,0,-1.849265,-1.849265,-3.217888,10000
10,-0.4,-1,0,-1.668796,-1.668796,-3.617226,1000000000
15,-0.4,-1,0,-1.546507,-1.546507,-3.710072,1E+14
15,-0.4,0,0,-1.742522,-1.742522,-3.124212,1E+14
10,-0.4,0,0,-1.54073,-1.54073,-3.489165,1000000000
5,-0.4,0,0,-2.057043,-2.057043,-3.247214,10000
10,-0.4,0.5,0,-2.036166,-2.036166,-3.412283,1000000000
5,-0.4,0.5,0,-1.938062,-1.938062,-3.378305,10000
15,-0.4,0.5,0,-1.737441,-1.737441,-3.525329,1E+14
15,-0.4,1,0,-1.755907,-1.755907,-3.692983,1E+14
10,-0.4,1,0,-1.800118,-1.800118,-3.129895,1000000000
5,-0.4,1,0,-2.062568,-2.062568,-3.192183,10000
15,-0.3,-6,0,-0.018925,-0.325318,0.847804,1E+14
10,-0.3,-6,0,0.877875,-0.213496,0.419477,1000000000
5,-0.3,-6,0,3.155167,-0.212876,-1.77027,10000
15,-0.3,-5,0,-0.970023,-0.970023,0.550412,1E+14
5,-0.3,-5,0,1.500865,-0.220039,-0.911761,10000
10,-0.3,-5,0,-0.538512,-0.538512,-1.180044,1000000000
15,-0.3,-4,0,-1.456311,-1.456311,-3.25117,1E+14
5,-0.3,-4,0,0.17163,-0.215845,-1.020885,10000
10,-0.3,-4,0,-1.158303,-1.158303,-2.838157,1000000000
5,-0.3,-3,0,-0.887386,-0.887386,-2.800764,10000
10,-0.3,-3,0,-1.73291,-1.73291,-3.595081,1000000000
15,-0.3,-3,0,-1.564475,-1.564475,-3.318659,1E+14
5,-0.3,-2,0,-1.635909,-1.635909,-3.210467,10000
10,-0.3,-2,0,-1.900498,-1.900498,-3.317529,1000000000
15,-0.3,-2,0,-1.75738,-1.75738,-3.866372,1E+14
10,-0.3,-1,0,-1.947763,-1.947763,-3.24843,1000000000
5,-0.3,-1,0,-2.051679,-2.051679,-3.415855,10000
15,-0.3,-1,0,-1.680147,-1.680147,-3.945187,1E+14
10,-0.3,0,0,-2.032512,-2.032512,-3.039438,1000000000
5,-0.3,0,0,-2.150289,-2.150289,-3.129292,10000
15,-0.3,0,0,-1.90459,-1.90459,-3.438971,1E+14
15,-0.3,0.5,0,-1.869427,-1.869427,-4.155845,1E+14
10,-0.3,0.5,0,-2.030295,-2.030295,-3.447557,1000000000
5,-0.3,0.5,0,-2.212092,-2.212092,-3.123991,10000
10,-0.3,1,0,-1.871378,-1.871378,-3.084543,1000000000
5,-0.3,1,0,-2.249042,-2.249042,-3.10288,10000
15,-0.3,1,0,-1.818052,-1.818052,-3.438324,1E+14
15,-0.2,-6,0,-0.484662,-0.484662,2.299544,1E+14
5,-0.2,-6,0,3.99751,-0.23129,-2.559023,10000
10,-0.2,-6,0,0.869184,-0.237916,2.049533,1000000000
15,-0.2,-5,0,-1.015816,-1.015816,-1.157934,1E+14
10,-0.2,-5,0,-0.191473,-0.207306,-0.664895,1000000000
5,-0.2,-5,0,1.900815,-0.224799,-0.477867,10000
15,-0.2,-4,0,-1.774337,-1.774337,-2.195632,1E+14
10,-0.2,-4,0,-0.927544,-0.927544,-2.110522,1000000000
5,-0.2,-4,0,0.726586,-0.226598,-1.111121,10000
10,-0.2,-3,0,-1.942526,-1.942526,-2.701344,1000000000
5,-0.2,-3,0,-0.698665,-0.698665,-1.832992,10000
15,-0.2,-3,0,-1.939263,-1.939263,-2.844397,1E+14
10,-0.2,-2,0,-2.021634,-2.021634,-3.691513,1000000000
5,-0.2,-2,0,-1.586701,-1.586701,-3.036811,10000
15,-0.2,-2,0,-1.923791,-1.923791,-3.339839,1E+14
5,-0.2,-1,0,-2.113683,-2.113683,-3.05465,10000
10,-0.2,-1,0,-2.260858,-2.260858,-3.449401,1000000000
15,-0.2,-1,0,-2.056621,-2.056621,-3.330417,1E+14
15,-0.2,0,0,-2.121085,-2.121085,-3.536061,1E+14
5,-0.2,0,0,-2.333744,-2.333744,-3.214815,10000
10,-0.2,0,0,-1.997264,-1.997264,-3.114295,1000000000
5,-0.2,0.5,0,-2.411587,-2.411587,-3.099879,10000
10,-0.2,0.5,0,-2.203216,-2.203216,-3.570342,1000000000
15,-0.2,0.5,0,-2.096166,-2.096166,-3.890043,1E+14
15,-0.2,1,0,-2.112358,-2.112358,-3.40442,1E+14
5,-0.2,1,0,-2.472403,-2.472403,-2.961671,10000
10,-0.2,1,0,-2.095964,-2.095964,-3.336387,1000000000
15,-0.1,-6,0,0.588201,-0.224755,2.389488,1E+14
5,-0.1,-6,0,3.089976,-0.227967,-0.404938,10000
10,-0.1,-6,0,2.478317,-0.487717,0.383091,1000000000
15,-0.1,-5,0,-0.968687,-0.968687,-0.053573,1E+14
10,-0.1,-5,0,0.382015,-0.216419,1.380805,1000000000
5,-0.1,-5,0,2.008986,-0.20871,1.321464,10000
15,-0.1,-4,0,-1.368144,-1.368144,-2.010511,1E+14
10,-0.1,-4,0,-0.947659,-0.947659,-1.11506,1000000000
5,-0.1,-4,0,1.033839,-0.221389,-1.036999,10000
10,-0.1,-3,0,-1.762321,-1.762321,-2.382019,1000000000
5,-0.1,-3,0,-0.620372,-0.620372,-1.487786,10000
15,-0.1,-3,0,-1.862651,-1.862651,-3.731276,1E+14
10,-0.1,-2,0,-2.24415,-2.24415,-2.952607,1000000000
5,-0.1,-2,0,-1.664709,-1.664709,-2.412657,10000
15,-0.1,-2,0,-2.008451,-2.008451,-3.26872,1E+14
5,-0.1,-1,0,-2.364562,-2.364562,-2.833137,10000
10,-0.1,-1,0,-2.42176,-2.42176,-3.261393,1000000000
15,-0.1,-1,0,-2.284789,-2.284789,-3.101762,1E+14
10,-0.1,0,0,-2.406315,-2.406315,-3.319509,1000000000
5,-0.1,0,0,-2.638285,-2.638285,-3.026862,10000
15,-0.1,0,0,-2.288952,-2.288952,-3.143564,1E+14
15,-0.1,0.5,0,-2.272629,-2.272629,-3.062609,1E+14
10,-0.1,0.5,0,-2.5849,-2.5849,-3.201848,1000000000
5,-0.1,0.5,0,-2.715438,-2.715438,-3.003821,10000
10,-0.1,1,0,-2.443005,-2.443005,-3.225582,1000000000
5,-0.1,1,0,-2.728081,-2.728081,-3.019592,10000
15,-0.1,1,0,-2.332823,-2.332823,-3.490601,1E+14
5,0,-6,0,2.649482,-0.23036,-2.014702,10000
10,0,-6,0,3.155755,-0.205736,0.924939,1000000000
15,0,-6,0,0.600873,-0.20386,4.118507,1E+14
10,0,-5,0,0.549807,-0.21302,2.700043,1000000000
5,0,-5,0,2.274922,-0.223648,-0.459771,10000
15,0,-5,0,-0.084215,-0.207517,1.451786,1E+14
10,0,-4,0,-0.832272,-0.832272,-0.146644,1000000000
5,0,-4,0,0.730175,-0.219884,0.030391,10000
15,0,-4,0,-1.300288,-1.300288,-0.971792,1E+14
15,0,-3,0,-2.002696,-2.002696,-1.82861,1E+14
5,0,-3,0,-0.580569,-0.580569,-1.013196,10000
10,0,-3,0,-1.98,-1.98,-1.910846,1000000000
15,0,-2,0,-2.420506,-2.420506,-3.122606,1E+14
5,0,-2,0,-1.885117,-1.885117,-1.948799,10000
10,0,-2,0,-2.472784,-2.472784,-2.607159,1000000000
15,0,-1,0,-2.621059,-2.621059,-3.061426,1E+14
10,0,-1,0,-2.640794,-2.640794,-2.861174,1000000000
5,0,-1,0,-2.609821,-2.609821,-2.801762,10000
10,0,0,0,-2.709869,-2.709869,-3.165518,1000000000
5,0,0,0,-2.965787,-2.965787,-3.079021,10000
15,0,0,0,-2.67956,-2.67956,-3.096533,1E+14
10,0,0.5,0,-2.827215,-2.827215,-2.897753,1000000000
15,0,0.5,0,-2.604369,-2.604369,-3.045937,1E+14
5,0,0.5,0,-3.086005,-3.086005,-3.078348,10000
10,0,1,0,-2.785261,-2.785261,-3.151851,1000000000
5,0,1,0,-3.218783,-3.218783,-2.885891,10000
15,0,1,0,-2.694635,-2.694635,-3.480705,1E+14
5,0.1,-6,0,2.508418,-0.219519,-1.632162,10000
10,0.1,-6,0,2.594653,-0.215664,0.184413,1000000000
15,0.1,-6,0,2.35868,-0.230182,0.646684,1E+14
10,0.1,-5,0,0.926408,-0.217786,3.272541,1000000000
5,0.1,-5,0,1.856246,-0.221899,-0.531554,10000
15,0.1,-5,0,-0.045479,-0.205301,1.702476,1E+14
10,0.1,-4,0,-0.663586,-0.663586,1.003009,1000000000
5,0.1,-4,0,0.405246,-0.221612,0.248208,10000
15,0.1,-4,0,-1.282738,-1.282738,0.83897,1E+14
15,0.1,-3,0,-2.36871,-2.36871,-1.321068,1E+14
5,0.1,-3,0,-0.922507,-0.922507,-0.749954,10000
10,0.1,-3,0,-2.064322,-2.064322,-1.065688,1000000000
15,0.1,-2,0,-2.954067,-2.954067,-2.418461,1E+14
5,0.1,-2,0,-2.244178,-2.244178,-2.051656,10000
10,0.1,-2,0,-2.787844,-2.787844,-2.209649,1000000000
15,0.1,-1,0,-3.102195,-3.102195,-3.275556,1E+14
10,0.1,-1,0,-3.10035,-3.10035,-2.967355,1000000000
5,0.1,-1,0,-3.131717,-3.131717,-2.754178,10000
15,0.1,0,0,-3.107168,-3.107168,-3.756346,1E+14
5,0.1,0,0,-3.494913,-3.494913,-3.090866,10000
10,0.1,0,0,-3.25251,-3.25251,-3.425108,1000000000
5,0.1,0.5,0,-3.565058,-3.565058,-3.047124,10000
15,0.1,0.5,0,-3.15052,-3.15052,-3.567443,1E+14
10,0.1,0.5,0,-3.376385,-3.376385,-3.037956,1000000000
15,0.1,1,0,-3.187862,-3.187862,-3.328013,1E+14
5,0.1,1,0,-3.585998,-3.585998,-2.931496,10000
10,0.1,1,0,-3.368561,-3.368561,-3.709666,1000000000
5,0.2,-6,0,2.072584,-0.203117,-2.5452,10000
10,0.2,-6,0,1.564828,-0.22975,3.225815,1000000000
15,0.2,-6,0,1.947492,-0.730011,-1.674516,1E+14
10,0.2,-5,0,0.964783,-0.222852,1.350138,1000000000
5,0.2,-5,0,1.243617,-0.209204,-0.559934,10000
15,0.2,-5,0,0.066234,-0.220803,2.270147,1E+14
10,0.2,-4,0,-0.722135,-0.722135,1.105905,1000000000
5,0.2,-4,0,0.144331,-0.224304,-0.332784,10000
15,0.2,-4,0,-1.311037,-1.311037,2.26849,1E+14
15,0.2,-3,0,-2.334461,-2.334461,-1.271899,1E+14
5,0.2,-3,0,-1.181942,-1.181942,-0.69205,10000
10,0.2,-3,0,-2.243228,-2.243228,-0.751906,1000000000
15,0.2,-2,0,-3.416888,-3.416888,-2.948235,1E+14
5,0.2,-2,0,-2.560231,-2.560231,-1.976792,10000
10,0.2,-2,0,-3.135338,-3.135338,-2.115501,1000000000
15,0.2,-1,0,-3.903896,-3.903896,-4.109632,1E+14
10,0.2,-1,0,-3.749765,-3.749765,-3.120464,1000000000
5,0.2,-1,0,-3.525406,-3.525406,-2.850939,10000
10,0.2,0,0,-4.038448,-4.038448,-3.758511,1000000000
15,0.2,0,0,-4.029503,-4.029503,-3.843646,1E+14
5,0.2,0,0,-4.008002,-4.008002,-3.225997,10000
10,0.2,0.5,0,-4.099075,-4.099075,-3.84283,1000000000
5,0.2,0.5,0,-4.275414,-4.275414,-3.144796,10000
15,0.2,0.5,0,-3.921793,-3.921793,-4.143832,1E+14
10,0.2,1,0,-4.080773,-4.080773,-3.777108,1000000000
15,0.2,1,0,-4.174089,-4.174089,-4.005885,1E+14
5,0.2,1,0,-4.14941,-4.14941,-3.145524,10000
5,0.3,-6,0,0.849141,-0.377822,-2.923213,10000
10,0.3,-6,0,0.905295,-0.619677,-3.067212,1000000000
15,0.3,-6,0,0.840998,-1.039691,-1.03329,1E+14
10,0.3,-5,0,0.175754,-0.274219,2.17571,1000000000
5,0.3,-5,0,0.789101,-0.222245,-2.052288,10000
15,0.3,-5,0,0.035636,-0.428465,0.454211,1E+14
10,0.3,-4,0,-1.128926,-1.128926,1.042937,1000000000
5,0.3,-4,0,0.052198,-0.220357,-0.395641,10000
15,0.3,-4,0,-2.552078,-2.552078,1.559074,1E+14
15,0.3,-3,0,-2.934197,-2.934197,-1.49905,1E+14
5,0.3,-3,0,-1.757882,-1.757882,-0.851445,10000
10,0.3,-3,0,-2.494153,-2.494153,0.052255,1000000000
15,0.3,-2,0,-4.401351,-4.401351,-2.45694,1E+14
5,0.3,-2,0,-3.109377,-3.109377,-2.084974,10000
10,0.3,-2,0,-4.020396,-4.020396,-2.765027,1000000000
15,0.3,-1,0,-4.803157,-4.803157,-4.230051,1E+14
10,0.3,-1,0,-4.579439,-4.579439,-3.630804,1000000000
5,0.3,-1,0,-4.096085,-4.096085,-2.98988,10000
5,0.3,0,0,-4.646617,-4.646617,-3.275496,10000
15,0.3,0,0,-4.953947,-4.953947,-4.774802,1E+14
10,0.3,0,0,-4.659153,-4.659153,-3.250954,1000000000
15,0.3,0.5,0,-4.715317,-4.715317,-3.695255,1E+14
5,0.3,0.5,0,-4.884543,-4.884543,-3.020701,10000
10,0.3,0.5,0,-4.995838,-4.995838,-4.072841,1000000000
5,0.3,1,0,-4.789026,-4.789026,-3.307645,10000
15,0.3,1,0,-5.052592,-5.052592,-4.533504,1E+14
10,0.3,1,0,-5.024384,-5.024384,-4.254478,1000000000
5,0.4,-6,0,0.326873,-0.702396,-2.749224,10000
10,0.4,-6,0,-0.226245,-2.503927,-0.741086,1000000000
15,0.4,-6,0,-1.338974,-2.522384,0.017562,1E+14
10,0.4,-5,0,-0.710377,-1.17914,0.665543,1000000000
5,0.4,-5,0,-0.187662,-0.773911,-1.362718,10000
15,0.4,-5,0,-1.680601,-1.680601,-0.636114,1E+14
10,0.4,-4,0,-2.466768,-2.466768,0.460792,1000000000
5,0.4,-4,0,-0.844854,-0.844854,-0.369142,10000
15,0.4,-4,0,-3.323756,-3.323756,1.307454,1E+14
15,0.4,-3,0,-4.370091,-4.370091,-0.857657,1E+14
5,0.4,-3,0,-2.200006,-2.200006,-0.959208,10000
10,0.4,-3,0,-3.386931,-3.386931,-0.292235,1000000000
15,0.4,-2,0,-5.292637,-5.292637,-1.237087,1E+14
5,0.4,-2,0,-3.561011,-3.561011,-2.04499,10000
10,0.4,-2,0,-4.7174,-4.7174,-2.642543,1000000000
15,0.4,-1,0,-5.725431,-5.725431,-5.333871,1E+14
10,0.4,-1,0,-5.804142,-5.804142,-3.949132,1000000000
5,0.4,-1,0,-4.780606,-4.780606,-2.898529,10000
5,0.4,0,0,-5.246195,-5.246195,-3.347343,10000
15,0.4,0,0,-6.739764,-6.739764,-6.106977,1E+14
10,0.4,0,0,-5.832496,-5.832496,-4.388525,1000000000
15,0.4,0.5,0,-6.924224,-6.924224,-0.72684,1E+14
5,0.4,0.5,0,-5.491361,-5.491361,-3.471264,10000
10,0.4,0.5,0,-5.689368,-5.689368,-4.699527,1000000000
5,0.4,1,0,-5.644024,-5.644024,-3.474793,10000
15,0.4,1,0,-6.480925,-6.480925,-5.594626,1E+14
10,0.4,1,0,-6.596106,-6.596106,-4.644855,1000000000
5,0.5,-6,0,-0.183433,-1.138155,-2.403141,10000
10,0.5,-6,0,-0.417269,-1.614962,-4.362553,1000000000
15,0.5,-6,0,-2.723538,-3.297459,3.315419,1E+14
10,0.5,-5,0,-1.015751,-1.881228,-0.451186,1000000000
5,0.5,-5,0,-0.825806,-1.535446,-1.729376,10000
15,0.5,-5,0,-1.357452,-3.095277,-3.226172,1E+14
10,0.5,-4,0,-2.314634,-2.314634,0.275052,1000000000
5,0.5,-4,0,-1.378501,-1.378501,-0.381253,10000
15,0.5,-4,0,-3.102932,-3.102932,0.214306,1E+14
15,0.5,-3,0,-5.615559,-5.615559,0.202577,1E+14
5,0.5,-3,0,-2.930571,-2.930571,-0.801418,10000
10,0.5,-3,0,-4.22841,-4.22841,-0.820747,1000000000
15,0.5,-2,0,-6.21839,-6.21839,-0.69039,1E+14
5,0.5,-2,0,-4.277565,-4.277565,-1.832715,10000
10,0.5,-2,0,-5.742139,-5.742139,-1.546437,1000000000
15,0.5,-1,0,-6.783311,-6.783311,-3.048492,1E+14
10,0.5,-1,0,-7.036482,-7.036482,-1.712654,1000000000
5,0.5,-1,0,-5.256068,-5.256068,-3.089311,10000
10,0.5,0,0,-7.146426,-7.146426,-4.670953,1000000000
15,0.5,0,0,-8.077229,-8.077229,0.007901,1E+14
5,0.5,0,0,-5.878788,-5.878788,-3.410961,10000
10,0.5,0.5,0,-7.607516,-7.607516,-2.491829,1000000000
5,0.5,0.5,0,-6.072269,-6.072269,-3.646086,10000
15,0.5,0.5,0,-7.781584,-7.781584,-2.098045,1E+14
10,0.5,1,0,-7.941401,-7.941401,-4.617436,1000000000
15,0.5,1,0,-7.770531,-7.770531,-4.10566,1E+14
5,0.5,1,0,-6.095409,-6.095409,-3.092988,10000
7,-0.1,-5,0,4.892611,-0.219443,0.665133,0001000
15,-0.3,0.5,0,1.363948,-0.197968,-6.650876,000000100000000
15,0.2,-3,0,-1.976055,-1.976055,-3.512287,000001000000000
10,0.4,0.5,0,-5.687551,-5.687551,-5.265693,0000000100
12,0.4,-3,0,-1.805919,-1.805919,-2.44301,000000001000
15,-0.4,-3,0,1.188321,-0.195463,-5.61023,000001000000000
12,0.3,-1,0,-4.62445,-4.62445,-5.366227,000000100000
15,-0.3,-2,0,1.05012,-0.227165,-7.093492,000001000000000
7,-0.5,-6,0,6.395413,-0.256664,-4.670589,0000010
12,-0.5,-6,0,3.302802,-0.270329,-3.571303,000001000000
10,-0.4,-2,0,1.358557,-0.256638,-4.36,0001000000
10,0.5,-4,0,-2.464147,-2.464147,-0.183444,0000100000
10,0.5,-1,0,-6.332667,-6.332667,-3.56592,0001000000
12,-0.5,-3,0,2.136511,-0.314468,-4.909129,000001000000
7,0.5,-1,0,-5.164822,-5.164822,-4.548298,0001000
15,0.4,-5,0,-0.542197,-2.046078,0.966106,000000000100000
12,0.1,-6,0,5.441502,-0.206356,-5.869995,000001000000
12,0.1,0,0,-2.106385,-2.106385,-5.280828,000010000000
10,0.1,0.5,0,-2.622308,-2.622308,-4.306589,0000001000
10,0.5,-4,0,-2.162617,-2.25081,-1.0642,0000010000
15,0.5,0,0,-6.578271,-6.578271,-5.436727,000000000000100
15,0.1,-5,0,3.48524,-0.213522,-4.915542,000000000000100
10,-0.4,-2,0,1.567928,-0.198669,-4.643242,0000010000
10,0.1,-4,0,1.297266,-0.193582,-2.379788,0000100000
5,0.1,-1,0,-1.031757,-1.031757,-3.736773,00010
7,-0.2,-5,0,6.156063,-0.206383,-1.939136,0001000
10,0.1,-6,0,4.485269,-0.209443,-6.019426,0001000000
5,0.1,0,0,-3.037623,-3.037623,-3.620642,00010
15,-0.4,-1,0,2.29865,-0.287273,-4.991925,000000000000100
5,-0.5,1,0,-1.774098,-1.774098,-3.864605,00010
15,0.4,-4,0,0.017817,-1.809102,-4.727174,000000000000100
10,0.1,0.5,0,-3.054934,-3.054934,-4.434852,0000000100
15,0.1,0,0,-1.970842,-1.970842,-5.871299,000000000100000
10,-0.5,1,0,1.035331,-0.187795,-5.795535,0001000000
10,-0.1,-4,0,4.641591,-0.215848,-3.926345,0000000010
10,0.2,-3,0,-0.547486,-0.547486,-2.6119,0000010000
12,0.1,-4,0,0.574816,-0.232104,-2.295137,000010000000
7,0,1,0,-1.911811,-1.911811,-3.947456,0001000
10,0.5,1,0,-6.347235,-6.347235,-4.354716,0000100000
10,0.1,-1,0,-2.099779,-2.099779,-4.611971,0000100000
7,-0.5,-3,0,2.12947,-0.203371,-6.679587,0001000
7,-0.5,-2,0,3.816533,-0.225012,-2.238341,0000100
7,0.4,0.5,0,-5.272427,-5.272427,-4.751602,0001000
12,0.1,0,0,-2.127581,-2.127581,-4.892518,000000100000
12,0,1,0,-1.042138,-1.042138,-5.020511,000001000000
10,0.3,-1,0,-3.965476,-3.965476,-4.917671,0000100000
12,-0.3,-2,0,0.929877,-0.228064,-4.720635,000001000000
15,0.1,-1,0,-0.764711,-0.764711,-3.661054,000000000000100
15,0.1,-5,0,3.569077,-0.214185,-4.396963,000000000001000
5,-0.5,-2,0,4.520248,-0.219239,-3.428661,00010
15,-0.1,-4,0,5.462851,-0.203074,-4.688553,000000000000100
7,-0.4,-6,0,6.153495,-0.235089,-3.595462,0000010
10,-0.4,-2,0,4.506703,-0.227794,-3.155749,0000000010
10,0.4,0.5,0,-6.005637,-6.005637,-5.319028,0000010000
15,0.4,-4,0,-0.634995,-1.617566,-3.884668,000000000001000
12,-0.4,0.5,0,0.991463,-0.241351,-5.064074,000010000000
7,-0.4,-2,0,1.93343,-0.214745,-5.404715,0001000
12,0.3,1,0,-5.458499,-5.458499,-4.441416,000000001000
10,0.5,1,0,-6.747947,-6.747947,-3.277904,0000001000
15,0.4,-6,0,1.1818,-1.53075,-10.195161,000000000001000
7,0.3,-3,0,1.327572,-0.208007,-4.226708,0000010
5,0.4,-6,0,1.033082,-0.199742,-3.984548,00100
5,-0.1,-5,0,4.305715,-0.235077,-3.597458,00010
15,-0.1,-2,0,1.458247,-0.209505,-4.238143,000000000001000
10,0.4,-3,0,-2.389465,-2.389465,-2.958091,0000010000
12,-0.4,-1,0,2.121398,-0.215783,-5.608179,000010000000
12,-0.2,-5,0,3.118002,-0.224369,-0.937915,000000100000
7,-0.1,1,0,-0.92813,-0.92813,-4.057688,0001000
7,-0.4,-5,0,7.157931,-0.209339,-4.111357,0000100
7,-0.1,1,0,-1.961114,-1.961114,-3.748381,0000100
12,0.4,0,0,-6.356643,-6.356643,-3.466027,000000100000
12,-0.4,-5,0,2.055912,-0.188174,-6.441436,000010000000
10,0.3,-4,0,-0.165568,-0.550752,-1.155011,0000010000
15,-0.4,-3,0,1.549885,-0.296008,-6.262988,000000100000000
7,0.4,0,0,-5.181874,-5.181874,-4.573875,0001000
7,-0.4,0.5,0,1.037895,-0.188571,-5.172492,0001000
10,0.1,0,0,-2.197857,-2.197857,-4.835076,0000100000
15,0.1,-1,0,-1.840837,-1.840837,-4.991656,000000000100000
15,-0.5,-6,-0.01,-0.203339,-0.878002,1.409095,1E+14
10,-0.5,-6,-0.01,0.420863,-0.40318,0.441629,1000000000
5,-0.5,-6,-0.01,2.138884,-0.208412,-1.155833,10000
15,-0.5,-5,-0.01,-0.658245,-0.658245,-2.476177,1E+14
5,-0.5,-5,-0.01,1.312527,-0.200722,-3.318497,10000
10,-0.5,-5,-0.01,-0.538427,-0.538427,-0.377441,1000000000
15,-0.5,-4,-0.01,-1.138774,-1.138774,-4.356795,1E+14
10,-0.5,-4,-0.01,-1.461704,-1.461704,-3.688296,1000000000
5,-0.5,-4,-0.01,-0.041431,-0.212823,-3.393668,10000
5,-0.5,-3,-0.01,-1.013186,-1.013186,-3.820334,10000
10,-0.5,-3,-0.01,-1.648555,-1.648555,-3.916508,1000000000
15,-0.5,-3,-0.01,-1.727801,-1.727801,-4.255685,1E+14
10,-0.5,-2,-0.01,-1.717792,-1.717792,-3.87918,1000000000
5,-0.5,-2,-0.01,-1.51279,-1.51279,-3.729507,10000
15,-0.5,-2,-0.01,-1.492789,-1.492789,-3.379122,1E+14
5,-0.5,-1,-0.01,-1.739428,-1.739428,-3.721453,10000
10,-0.5,-1,-0.01,-1.593543,-1.593543,-3.266288,1000000000
15,-0.5,-1,-0.01,-1.703555,-1.703555,-3.704115,1E+14
10,-0.5,0,-0.01,-1.553807,-1.553807,-3.8722,1000000000
15,-0.5,0,-0.01,-1.594088,-1.594088,-5.432035,1E+14
5,-0.5,0,-0.01,-1.773776,-1.773776,-3.278662,10000
15,-0.5,0.5,-0.01,-1.584116,-1.584116,-4.286098,1E+14
5,-0.5,0.5,-0.01,-1.816828,-1.816828,-3.214538,10000
10,-0.5,0.5,-0.01,-1.633075,-1.633075,-3.33056,1000000000
10,-0.5,1,-0.01,-1.637249,-1.637249,-3.813585,1000000000
15,-0.5,1,-0.01,-1.737417,-1.737417,-3.582844,1E+14
5,-0.5,1,-0.01,-1.823633,-1.823633,-3.202908,10000
15,-0.4,-6,-0.01,0.21536,-0.256058,1.868281,1E+14
10,-0.4,-6,-0.01,1.262143,-0.239465,0.874329,1000000000
5,-0.4,-6,-0.01,3.473776,-0.234304,-0.046787,10000
15,-0.4,-5,-0.01,-0.677769,-0.677769,-0.823915,1E+14
5,-0.4,-5,-0.01,1.964671,-0.211221,-1.524628,10000
10,-0.4,-5,-0.01,-0.318056,-0.318056,-1.294344,1000000000
15,-0.4,-4,-0.01,-0.834491,-0.834491,-1.833654,1E+14
10,-0.4,-4,-0.01,-1.108211,-1.108211,-2.134638,1000000000
5,-0.4,-4,-0.01,0.310545,-0.20481,-3.10429,10000
5,-0.4,-3,-0.01,-0.964731,-0.964731,-3.380443,10000
10,-0.4,-3,-0.01,-1.592927,-1.592927,-3.067488,1000000000
15,-0.4,-3,-0.01,-1.58627,-1.58627,-3.238967,1E+14
10,-0.4,-2,-0.01,-1.65394,-1.65394,-4.109686,1000000000
5,-0.4,-2,-0.01,-1.46439,-1.46439,-3.607072,10000
15,-0.4,-2,-0.01,-1.63152,-1.63152,-3.316535,1E+14
5,-0.4,-1,-0.01,-1.786399,-1.786399,-3.566001,10000
10,-0.4,-1,-0.01,-1.682609,-1.682609,-3.77305,1000000000
15,-0.4,-1,-0.01,-1.719792,-1.719792,-3.439148,1E+14
5,-0.4,0,-0.01,-2.025314,-2.025314,-3.091063,10000
15,-0.4,0,-0.01,-1.66887,-1.66887,-4.048421,1E+14
10,-0.4,0,-0.01,-1.811031,-1.811031,-3.02819,1000000000
10,-0.4,0.5,-0.01,-1.833566,-1.833566,-3.279698,1000000000
5,-0.4,0.5,-0.01,-2.001299,-2.001299,-3.286558,10000
15,-0.4,0.5,-0.01,-1.616086,-1.616086,-3.905982,1E+14
5,-0.4,1,-0.01,-2.023789,-2.023789,-3.407824,10000
15,-0.4,1,-0.01,-1.680952,-1.680952,-3.519299,1E+14
10,-0.4,1,-0.01,-1.848062,-1.848062,-3.725477,1000000000
15,-0.3,-6,-0.01,0.377575,-0.219287,3.922789,1E+14
5,-0.3,-6,-0.01,4.289099,-0.214238,-2.394073,10000
10,-0.3,-6,-0.01,1.1075,-0.223334,-0.193864,1000000000
15,-0.3,-5,-0.01,-0.309573,-0.309573,0.289642,1E+14
10,-0.3,-5,-0.01,-0.120288,-0.212499,-1.278789,1000000000
5,-0.3,-5,-0.01,2.5095,-0.219004,-1.228058,10000
15,-0.3,-4,-0.01,-1.274711,-1.274711,-2.632828,1E+14
5,-0.3,-4,-0.01,0.773167,-0.228976,-1.211262,10000
10,-0.3,-4,-0.01,-1.195111,-1.195111,-1.991303,1000000000
10,-0.3,-3,-0.01,-1.645821,-1.645821,-3.528643,1000000000
5,-0.3,-3,-0.01,-0.664843,-0.664843,-2.509125,10000
15,-0.3,-3,-0.01,-1.536359,-1.536359,-3.022732,1E+14
5,-0.3,-2,-0.01,-1.446538,-1.446538,-3.302022,10000
10,-0.3,-2,-0.01,-1.818262,-1.818262,-3.71693,1000000000
15,-0.3,-2,-0.01,-2.018803,-2.018803,-3.832273,1E+14
10,-0.3,-1,-0.01,-1.883025,-1.883025,-3.550877,1000000000
5,-0.3,-1,-0.01,-1.96467,-1.96467,-3.239073,10000
15,-0.3,-1,-0.01,-1.957413,-1.957413,-3.470353,1E+14
10,-0.3,0,-0.01,-1.880395,-1.880395,-3.766473,1000000000
5,-0.3,0,-0.01,-2.231158,-2.231158,-3.355165,10000
15,-0.3,0,-0.01,-1.890686,-1.890686,-3.892502,1E+14
5,-0.3,0.5,-0.01,-2.215074,-2.215074,-3.012526,10000
15,-0.3,0.5,-0.01,-1.87571,-1.87571,-3.988671,1E+14
10,-0.3,0.5,-0.01,-2.034343,-2.034343,-3.681842,1000000000
10,-0.3,1,-0.01,-1.964782,-1.964782,-3.837012,1000000000
5,-0.3,1,-0.01,-2.353206,-2.353206,-2.872706,10000
15,-0.3,1,-0.01,-1.943954,-1.943954,-3.606572,1E+14
15,-0.2,-6,-0.01,0.580024,-0.215729,2.497816,1E+14
5,-0.2,-6,-0.01,4.050175,-0.217891,-3.082623,10000
10,-0.2,-6,-0.01,1.803727,-0.201917,1.29067,1000000000
15,-0.2,-5,-0.01,-0.328431,-0.328431,0.413851,1E+14
10,-0.2,-5,-0.01,-0.042143,-0.212011,-0.044228,1000000000
5,-0.2,-5,-0.01,2.960055,-0.214823,0.556809,10000
15,-0.2,-4,-0.01,-1.669166,-1.669166,-3.313186,1E+14
5,-0.2,-4,-0.01,0.884209,-0.216884,-0.95919,10000
10,-0.2,-4,-0.01,-1.025323,-1.025323,-1.783641,1000000000
10,-0.2,-3,-0.01,-1.714414,-1.714414,-3.016377,1000000000
5,-0.2,-3,-0.01,-0.432189,-0.432189,-1.841924,10000
15,-0.2,-3,-0.01,-1.733599,-1.733599,-3.389294,1E+14
5,-0.2,-2,-0.01,-1.531389,-1.531389,-2.806215,10000
10,-0.2,-2,-0.01,-2.08634,-2.08634,-3.384391,1000000000
15,-0.2,-2,-0.01,-2.088167,-2.088167,-3.236568,1E+14
10,-0.2,-1,-0.01,-2.080633,-2.080633,-3.69784,1000000000
5,-0.2,-1,-0.01,-1.996196,-1.996196,-3.152474,10000
15,-0.2,-1,-0.01,-2.012905,-2.012905,-3.717692,1E+14
15,-0.2,0,-0.01,-2.217687,-2.217687,-3.78964,1E+14
5,-0.2,0,-0.01,-2.398153,-2.398153,-2.998954,10000
10,-0.2,0,-0.01,-2.146723,-2.146723,-3.392549,1000000000
10,-0.2,0.5,-0.01,-2.154258,-2.154258,-3.494898,1000000000
15,-0.2,0.5,-0.01,-2.135456,-2.135456,-3.35975,1E+14
5,-0.2,0.5,-0.01,-2.491349,-2.491349,-2.993717,10000
15,-0.2,1,-0.01,-2.147347,-2.147347,-3.421531,1E+14
5,-0.2,1,-0.01,-2.527293,-2.527293,-3.050261,10000
10,-0.2,1,-0.01,-2.151878,-2.151878,-3.386947,1000000000
15,-0.1,-6,-0.01,0.458398,-0.327132,-0.067352,1E+14
5,-0.1,-6,-0.01,3.459386,-0.209427,-2.186817,10000
10,-0.1,-6,-0.01,2.866012,-0.216729,0.409526,1000000000
15,-0.1,-5,-0.01,-0.98506,-0.98506,0.34689,1E+14
10,-0.1,-5,-0.01,0.292558,-0.211509,-0.24821,1000000000
5,-0.1,-5,-0.01,2.793374,-0.23203,-1.219402,10000
15,-0.1,-4,-0.01,-1.488359,-1.488359,-1.931111,1E+14
5,-0.1,-4,-0.01,1.640658,-0.229467,-0.862431,10000
10,-0.1,-4,-0.01,-0.826048,-0.826048,-1.155976,1000000000
10,-0.1,-3,-0.01,-1.677405,-1.677405,-2.471323,1000000000
5,-0.1,-3,-0.01,-0.311151,-0.311151,-1.304417,10000
15,-0.1,-3,-0.01,-2.037532,-2.037532,-3.20213,1E+14
5,-0.1,-2,-0.01,-1.450717,-1.450717,-2.345239,10000
10,-0.1,-2,-0.01,-2.127386,-2.127386,-3.049322,1000000000
15,-0.1,-2,-0.01,-2.196465,-2.196465,-3.273831,1E+14
10,-0.1,-1,-0.01,-2.386386,-2.386386,-3.250841,1000000000
5,-0.1,-1,-0.01,-2.277096,-2.277096,-2.875001,10000
15,-0.1,-1,-0.01,-2.363196,-2.363196,-3.096373,1E+14
10,-0.1,0,-0.01,-2.473157,-2.473157,-3.507198,1000000000
5,-0.1,0,-0.01,-2.656387,-2.656387,-2.979525,10000
15,-0.1,0,-0.01,-2.375851,-2.375851,-3.858717,1E+14
5,-0.1,0.5,-0.01,-2.716284,-2.716284,-3.047001,10000
15,-0.1,0.5,-0.01,-2.222321,-2.222321,-3.637895,1E+14
10,-0.1,0.5,-0.01,-2.507717,-2.507717,-3.224339,1000000000
10,-0.1,1,-0.01,-2.464648,-2.464648,-3.490031,1000000000
5,-0.1,1,-0.01,-2.759682,-2.759682,-3.060009,10000
15,-0.1,1,-0.01,-2.433185,-2.433185,-3.681059,1E+14
10,0,-6,-0.01,3.237372,-0.213885,-2.028923,1000000000
15,0,-6,-0.01,1.595382,-0.212372,1.926486,1E+14
5,0,-6,-0.01,3.306774,-0.219471,-2.734917,10000
10,0,-5,-0.01,0.697604,-0.218078,2.229653,1000000000
5,0,-5,-0.01,2.559946,-0.215355,-0.965797,10000
15,0,-5,-0.01,-0.256421,-0.256421,2.819037,1E+14
10,0,-4,-0.01,-0.877215,-0.877215,-0.248269,1000000000
5,0,-4,-0.01,1.260353,-0.223914,-0.098153,10000
15,0,-4,-0.01,-1.322244,-1.322244,-0.770015,1E+14
15,0,-3,-0.01,-2.135476,-2.135476,-2.058199,1E+14
5,0,-3,-0.01,-0.28462,-0.28462,-0.901612,10000
10,0,-3,-0.01,-1.728874,-1.728874,-1.745006,1000000000
15,0,-2,-0.01,-2.397824,-2.397824,-3.03782,1E+14
5,0,-2,-0.01,-1.731711,-1.731711,-1.959525,10000
10,0,-2,-0.01,-2.337664,-2.337664,-2.879898,1000000000
5,0,-1,-0.01,-2.490504,-2.490504,-2.898041,10000
15,0,-1,-0.01,-2.536656,-2.536656,-3.100706,1E+14
10,0,-1,-0.01,-2.66104,-2.66104,-3.118157,1000000000
15,0,0,-0.01,-2.779265,-2.779265,-3.277914,1E+14
10,0,0,-0.01,-2.782576,-2.782576,-3.165936,1000000000
5,0,0,-0.01,-2.962239,-2.962239,-2.936894,10000
5,0,0.5,-0.01,-3.131602,-3.131602,-2.957695,10000
15,0,0.5,-0.01,-2.691385,-2.691385,-3.222249,1E+14
10,0,0.5,-0.01,-2.803445,-2.803445,-3.299207,1000000000
15,0,1,-0.01,-2.68373,-2.68373,-3.421663,1E+14
10,0,1,-0.01,-2.884964,-2.884964,-3.157849,1000000000
5,0,1,-0.01,-3.28034,-3.28034,-2.846686,10000
10,0.1,-6,-0.01,2.16122,-0.210664,1.41029,1000000000
15,0.1,-6,-0.01,1.430936,-0.224703,2.89492,1E+14
5,0.1,-6,-0.01,2.440081,-0.224142,-2.718415,10000
10,0.1,-5,-0.01,1.074785,-0.204974,1.882782,1000000000
5,0.1,-5,-0.01,2.337792,-0.213835,-1.047042,10000
15,0.1,-5,-0.01,0.137549,-0.209378,2.853064,1E+14
10,0.1,-4,-0.01,-0.497929,-0.497929,0.284238,1000000000
5,0.1,-4,-0.01,1.122544,-0.21386,-0.059756,10000
15,0.1,-4,-0.01,-1.111889,-1.111889,0.446161,1E+14
15,0.1,-3,-0.01,-2.280501,-2.280501,-2.233188,1E+14
5,0.1,-3,-0.01,-0.442761,-0.442761,-0.94697,10000
10,0.1,-3,-0.01,-1.634402,-1.634402,-0.985721,1000000000
15,0.1,-2,-0.01,-2.657983,-2.657983,-2.772607,1E+14
5,0.1,-2,-0.01,-1.949941,-1.949941,-1.861746,10000
10,0.1,-2,-0.01,-2.705579,-2.705579,-2.395049,1000000000
5,0.1,-1,-0.01,-2.883526,-2.883526,-2.806142,10000
15,0.1,-1,-0.01,-2.994922,-2.994922,-3.889323,1E+14
10,0.1,-1,-0.01,-3.056742,-3.056742,-3.277466,1000000000
5,0.1,0,-0.01,-3.528337,-3.528337,-3.091814,10000
10,0.1,0,-0.01,-3.380548,-3.380548,-3.292974,1000000000
15,0.1,0,-0.01,-3.17664,-3.17664,-3.731245,1E+14
10,0.1,0.5,-0.01,-3.294681,-3.294681,-3.420525,1000000000
15,0.1,0.5,-0.01,-3.23501,-3.23501,-3.621506,1E+14
5,0.1,0.5,-0.01,-3.500757,-3.500757,-3.150735,10000
5,0.1,1,-0.01,-3.704968,-3.704968,-3.18901,10000
10,0.1,1,-0.01,-3.37644,-3.37644,-3.262785,1000000000
15,0.1,1,-0.01,-3.274118,-3.274118,-3.174157,1E+14
10,0.2,-6,-0.01,1.808585,-0.215135,-0.539831,1000000000
15,0.2,-6,-0.01,0.872506,-0.93005,-3.422131,1E+14
5,0.2,-6,-0.01,2.040413,-0.201553,-3.766352,10000
10,0.2,-5,-0.01,1.071146,-0.210015,1.304634,1000000000
5,0.2,-5,-0.01,1.767844,-0.224515,-2.431153,10000
15,0.2,-5,-0.01,0.219892,-0.216973,2.571146,1E+14
10,0.2,-4,-0.01,-0.493209,-0.493209,0.276568,1000000000
5,0.2,-4,-0.01,0.953738,-0.223443,-0.988694,10000
15,0.2,-4,-0.01,-1.288711,-1.288711,0.007147,1E+14
15,0.2,-3,-0.01,-2.57516,-2.57516,-0.529674,1E+14
5,0.2,-3,-0.01,-0.782803,-0.782803,-0.885264,10000
10,0.2,-3,-0.01,-2.135136,-2.135136,-0.660513,1000000000
15,0.2,-2,-0.01,-3.274391,-3.274391,-3.324652,1E+14
5,0.2,-2,-0.01,-2.325149,-2.325149,-1.951445,10000
10,0.2,-2,-0.01,-3.110505,-3.110505,-2.670437,1000000000
5,0.2,-1,-0.01,-3.468433,-3.468433,-2.78299,10000
15,0.2,-1,-0.01,-3.80261,-3.80261,-3.606148,1E+14
10,0.2,-1,-0.01,-3.905691,-3.905691,-3.513227,1000000000
15,0.2,0,-0.01,-3.94399,-3.94399,-3.770161,1E+14
10,0.2,0,-0.01,-4.132693,-4.132693,-3.902123,1000000000
5,0.2,0,-0.01,-4.071678,-4.071678,-3.323391,10000
5,0.2,0.5,-0.01,-4.292485,-4.292485,-3.276557,10000
15,0.2,0.5,-0.01,-3.862615,-3.862615,-4.223462,1E+14
10,0.2,0.5,-0.01,-4.058684,-4.058684,-3.895256,1000000000
15,0.2,1,-0.01,-4.02699,-4.02699,-4.149443,1E+14
10,0.2,1,-0.01,-4.011529,-4.011529,-3.669483,1000000000
5,0.2,1,-0.01,-4.230174,-4.230174,-3.280643,10000
10,0.3,-6,-0.01,1.554078,-0.29121,-3.210441,1000000000
15,0.3,-6,-0.01,1.283945,-0.978861,-4.397684,1E+14
5,0.3,-6,-0.01,1.430424,-0.225176,-3.39731,10000
10,0.3,-5,-0.01,0.467867,-0.405513,-0.752194,1000000000
5,0.3,-5,-0.01,1.093151,-0.224863,-2.355241,10000
15,0.3,-5,-0.01,0.254518,-0.580475,-1.908041,1E+14
10,0.3,-4,-0.01,-0.608053,-0.608053,0.158671,1000000000
5,0.3,-4,-0.01,0.218295,-0.204957,-0.747279,10000
15,0.3,-4,-0.01,-1.490387,-1.490387,1.756929,1E+14
15,0.3,-3,-0.01,-3.255375,-3.255375,-1.05897,1E+14
5,0.3,-3,-0.01,-1.218444,-1.218444,-1.080646,10000
10,0.3,-3,-0.01,-2.186132,-2.186132,-0.463825,1000000000
15,0.3,-2,-0.01,-4.434036,-4.434036,-2.984327,1E+14
5,0.3,-2,-0.01,-2.8159,-2.8159,-1.829118,10000
10,0.3,-2,-0.01,-3.859011,-3.859011,-2.702222,1000000000
5,0.3,-1,-0.01,-4.006171,-4.006171,-3.055972,10000
15,0.3,-1,-0.01,-4.907827,-4.907827,-5.368269,1E+14
10,0.3,-1,-0.01,-4.572455,-4.572455,-3.448131,1000000000
5,0.3,0,-0.01,-4.671198,-4.671198,-3.42523,10000
10,0.3,0,-0.01,-4.933938,-4.933938,-3.841715,1000000000
15,0.3,0,-0.01,-4.914373,-4.914373,-3.928806,1E+14
10,0.3,0.5,-0.01,-5.114062,-5.114062,-4.012829,1000000000
15,0.3,0.5,-0.01,-5.189977,-5.189977,-4.396618,1E+14
5,0.3,0.5,-0.01,-4.883473,-4.883473,-3.425497,10000
5,0.3,1,-0.01,-5.139216,-5.139216,-3.16529,10000
10,0.3,1,-0.01,-5.189884,-5.189884,-4.598722,1000000000
15,0.3,1,-0.01,-5.513804,-5.513804,-3.858107,1E+14
10,0.4,-6,-0.01,0.746107,-0.685589,-2.850101,1000000000
15,0.4,-6,-0.01,-0.137582,-1.834924,2.452288,1E+14
5,0.4,-6,-0.01,0.775128,-0.21754,-3.032494,10000
10,0.4,-5,-0.01,-0.105632,-0.974399,-1.135934,1000000000
5,0.4,-5,-0.01,0.461446,-0.31858,-2.123157,10000
15,0.4,-5,-0.01,-1.400153,-1.830591,0.200316,1E+14
10,0.4,-4,-0.01,-1.395533,-1.395533,-0.633696,1000000000
5,0.4,-4,-0.01,-0.120232,-0.3325,-1.060124,10000
15,0.4,-4,-0.01,-2.192796,-2.192796,-0.114637,1E+14
15,0.4,-3,-0.01,-3.939893,-3.939893,-1.227498,1E+14
5,0.4,-3,-0.01,-1.76979,-1.76979,-1.217224,10000
10,0.4,-3,-0.01,-3.283253,-3.283253,-0.681319,1000000000
15,0.4,-2,-0.01,-6.005983,-6.005983,-3.332931,1E+14
5,0.4,-2,-0.01,-3.384943,-3.384943,-1.974221,10000
10,0.4,-2,-0.01,-4.570348,-4.570348,-2.646931,1000000000
5,0.4,-1,-0.01,-4.535889,-4.535889,-2.845598,10000
15,0.4,-1,-0.01,-6.057364,-6.057364,-4.467405,1E+14
10,0.4,-1,-0.01,-5.212849,-5.212849,-4.03286,1000000000
10,0.4,0,-0.01,-5.811772,-5.811772,-4.087276,1000000000
15,0.4,0,-0.01,-6.955891,-6.955891,-5.090353,1E+14
5,0.4,0,-0.01,-5.291182,-5.291182,-3.655889,10000
5,0.4,0.5,-0.01,-5.705066,-5.705066,-3.279079,10000
10,0.4,0.5,-0.01,-6.239224,-6.239224,-4.018861,1000000000
15,0.4,0.5,-0.01,-6.116229,-6.116229,-3.459354,1E+14
10,0.4,1,-0.01,-6.149618,-6.149618,-4.516473,1000000000
15,0.4,1,-0.01,-6.949346,-6.949346,-6.459048,1E+14
5,0.4,1,-0.01,-5.7654,-5.7654,-3.234238,10000
10,0.5,-6,-0.01,-0.697995,-1.933107,-2.051497,1000000000
15,0.5,-6,-0.01,-2.314881,-5.290683,-2.499077,1E+14
5,0.5,-6,-0.01,0.099127,-0.906565,-3.503172,10000
10,0.5,-5,-0.01,-1.147589,-2.187201,-2.010074,1000000000
5,0.5,-5,-0.01,0.038413,-0.741502,-3.162213,10000
15,0.5,-5,-0.01,-1.899925,-2.39521,2.006189,1E+14
10,0.5,-4,-0.01,-1.954416,-1.954416,-1.090013,1000000000
5,0.5,-4,-0.01,-0.824697,-0.949493,-1.146191,10000
15,0.5,-4,-0.01,-4.344194,-4.344194,1.272481,1E+14
15,0.5,-3,-0.01,-5.231285,-5.231285,-1.478129,1E+14
5,0.5,-3,-0.01,-2.418194,-2.418194,-1.114264,10000
10,0.5,-3,-0.01,-4.512392,-4.512392,-0.99301,1000000000
15,0.5,-2,-0.01,-6.065749,-6.065749,-2.368299,1E+14
5,0.5,-2,-0.01,-3.908165,-3.908165,-1.95965,10000
10,0.5,-2,-0.01,-5.634284,-5.634284,-4.149158,1000000000
5,0.5,-1,-0.01,-5.382318,-5.382318,-2.753699,10000
15,0.5,-1,-0.01,-6.209446,-6.209446,-5.528099,1E+14
10,0.5,-1,-0.01,-6.294309,-6.294309,-3.986148,1000000000
5,0.5,0,-0.01,-5.988561,-5.988561,-3.076799,10000
15,0.5,0,-0.01,-8.295317,-8.295317,-2.617938,1E+14
10,0.5,0,-0.01,-7.790625,-7.790625,-5.491919,1000000000
15,0.5,0.5,-0.01,-8.20859,-8.20859,-7.474606,1E+14
10,0.5,0.5,-0.01,-7.24602,-7.24602,-2.491882,1000000000
5,0.5,0.5,-0.01,-6.648296,-6.648296,-3.32801,10000
5,0.5,1,-0.01,-6.826615,-6.826615,-3.612391,10000
15,0.5,1,-0.01,-10.496987,-10.496987,-8.14059,1E+14
10,0.5,1,-0.01,-7.463102,-7.463102,-3.234311,1000000000
12,0.3,-4,0,-3.540265,-4.027303,-4.633862,010010000000
5,-0.5,-6,0,1.410911,-1.269228,-5.410692,10100
7,-0.4,-4,0,0.316107,-0.267116,-5.970292,0011000
12,0.4,-6,0,-3.579368,-5.122493,-8.69868,000001010000
12,0.4,-1,0,-9.804296,-9.804296,-2.983981,1.1E+11
7,-0.2,1,0,-2.763218,-2.763218,-8.210035,0100010
5,0.3,-2,0,-3.79213,-3.90878,-5.621504,10010
10,-0.2,-5,0,4.084039,-0.408637,-7.702485,0001000100
7,-0.1,-4,0,0.110166,-0.804946,-4.812417,0101000
10,0.5,-2,0,-8.003803,-8.003803,-5.637918,0101000000
15,0.5,-2,0,-11.525815,-11.525815,-11.144128,000000000110000
15,0.2,1,0,-5.923378,-5.923378,-9.014068,000100100000000
12,-0.3,-5,0,2.984769,-0.288769,-3.739547,000001010000
15,0,-4,0,2.374563,-0.433482,-8.665327,000000010000010
7,-0.3,0.5,0,-1.954701,-1.954701,-6.915677,0101000
5,0,-1,0,-4.275398,-4.275398,-5.749125,00110
5,-0.5,0,0,-0.424408,-1.331555,-6.29421,10010
12,-0.3,0,0,-1.13541,-1.13541,-7.849207,000000101000
12,0.1,-5,0,0.224679,-1.016385,-7.783108,000001000010
5,-0.1,-6,0,-1.127163,-1.218349,-4.154612,00110
10,-0.1,-2,0,-0.136758,-0.775491,-7.494695,0100001000
15,-0.2,-6,0,4.951787,-0.390504,-8.898521,000001000000010
5,0.3,0.5,0,-8.978627,-8.978627,-6.468965,00110
12,-0.4,1,0,-5.351143,-5.351143,-5.121665,000000000110
15,0.4,-6,0,-4.280218,-4.803301,-9.236912,001000000000010
15,0.2,0,0,-4.510475,-4.510475,-11.846299,000100000001000
15,0.4,0,0,-8.515857,-8.515857,-10.835711,000000101000000
10,-0.1,-1,0,0.174075,-0.752111,-8.202675,0100000100
15,0.3,-5,0,-3.104889,-3.926009,-6.505032,000000010010000
10,0.2,-1,0,-6.296812,-6.296812,-6.078331,0000001100
7,-0.5,-2,0,0.040859,-1.119273,-8.412393,1001000
5,-0.5,-1,0,0.996467,-1.246385,-6.382304,10010
15,0,-3,0,-5.732735,-5.732735,-4.889313,011000000000000
15,-0.1,-3,0,1.341949,-0.382102,-7.767853,000000100010000
5,-0.1,-4,0,-1.090158,-1.213841,-4.137732,00110
5,-0.4,1,0,-2.548727,-2.548727,-7.199875,10010
10,-0.1,-5,0,3.03563,-0.43362,-7.623055,0001000010
7,-0.4,-2,0,1.759952,-0.305503,-7.000942,0010100
5,-0.5,-5,0,1.282919,-1.267734,-5.251315,10100
12,0.5,-2,0,-6.49026,-6.49026,-7.375497,001000000100
7,0.2,-4,0,-4.545701,-4.545701,-1.833842,1100000
12,0.3,-5,0,-2.164281,-3.584291,-6.816998,000010010000
7,0.4,0.5,0,-8.921704,-8.921704,-8.396652,0001010
5,0,1,0,-7.7823,-7.7823,-6.548486,00110
7,-0.5,0.5,0,-0.219358,-0.290083,-6.791064,0101000
5,-0.2,0.5,0,-3.361751,-3.361751,-7.675286,01010
12,-0.2,0,0,-0.202683,-0.552633,-9.245491,010000000010
10,0,-3,0,0.083997,-0.64364,-6.15611,0000010100
7,0.3,-5,0,-4.390952,-4.390952,-4.461489,0000110
5,0.1,-4,0,-2.51295,-2.51295,-4.272378,01100
10,0,-4,0,1.377908,-1.019919,-7.732876,0100001000
15,-0.5,0,0,0.520083,-0.36206,-5.161478,000000000100100
7,-0.3,-1,0,1.548778,-0.427665,-7.916199,0100010
10,0.4,0,0,-11.354513,-11.354513,-3.748222,0000011000
5,-0.1,-2,0,-1.71686,-2.015534,-4.927954,10100
7,0.4,-6,0,-3.956163,-4.64864,-5.599371,0010100
7,0.1,-5,0,-1.016497,-2.460782,-5.657727,1001000
5,-0.2,1,0,-5.547738,-5.547738,-5.602107,01100
5,-0.4,-3,0,0.709719,-0.246041,-4.00056,01100
10,-0.1,-3,0,-2.206234,-2.206234,-5.857941,1001000000
15,0.1,-6,0,1.012754,-0.902964,-7.602519,000001000000100
15,0.2,-1,0,-3.120332,-3.120332,-12.014715,000100000100000
10,0.3,-6,0,-2.815079,-3.661541,-6.457195,0001001000
10,0.1,-4,0,-0.466765,-1.723572,-6.842768,0000010010
15,-0.3,0,0,0.929775,-0.440869,-6.726681,000000100010000
15,0.4,-3,0,-4.286391,-5.096292,-4.523807,010000010000000
10,-0.3,-5,0,2.848069,-0.957801,-7.940568,1000000010
7,0.2,1,0,-7.31723,-7.31723,-6.461466,1010000
12,0.5,-3,0,-5.957121,-5.957121,-4.77274,001000001000
7,-0.2,0,0,-2.852478,-2.852478,-7.014495,0001010
15,0.3,-2,0,-9.866828,-9.866828,-3.558777,1.1E+14
15,-0.1,-5,0,1.622846,-0.286572,-6.618811,000000000010100
12,-0.3,-3,0,-2.922364,-2.922364,-5.758633,001100000000
7,0.5,-4,0,-4.622588,-5.378252,-5.444027,0001010
12,0.1,-6,0,0.708713,-1.287284,-8.159336,001000000010
12,-0.3,-1,0,-5.122422,-5.122422,-5.837659,1.1E+11
5,-0.1,-1,0,-3.552188,-3.552188,-5.477661,00110
12,-0.5,0.5,0,-1.700218,-1.700218,-8.341055,000110000000
15,-0.4,1,0,3.693699,-0.63826,-6.46147,1E+14
10,-0.1,-4,0,2.938077,-0.424286,-7.639064,0001000010
12,-0.4,-4,0,0.569425,-0.387027,-7.232205,010010000000
5,-0.4,-4,0,-1.809953,-1.809953,-3.809536,11000
12,0.4,0,0,-8.500056,-8.500056,-8.672168,000100000010
15,0.4,0.5,0,-12.803455,-12.803455,-3.284788,1.00001E+14
12,0.2,-3,0,-3.146546,-3.146546,-5.065202,000010010000
5,0.4,0.5,0,-8.508968,-8.508968,-7.92365,10100
12,-0.1,-1,0,0.616728,-0.424522,-9.030153,001000000100
15,-0.4,-3,0,4.510733,-0.421734,-7.189672,010000001000000
10,0,-1,0,-2.015036,-2.015036,-7.887113,0000010010
12,-0.1,-5,0,2.64185,-0.404017,-7.19959,000000100010
10,-0.5,0.5,0,1.697288,-0.468533,-9.123708,0100000010
7,0.3,-4,0,-3.578475,-3.840472,-3.492024,1010000
15,0.2,-6,0,-1.641049,-2.585554,-6.229057,010100000000000
10,-0.5,-5,0,6.52424,-0.439894,-7.293783,0001000010
12,-0.1,-2,0,-3.805873,-3.805873,-6.745152,000001100000
7,0.3,0.5,0,-6.794495,-6.794495,-8.83976,0100010
5,0,0.5,0,-6.921311,-6.921311,-5.462713,11000
10,0.1,1,0,-7.02073,-7.02073,-6.74154,0011000000
12,0.2,-6,0,-1.344729,-2.597376,-7.660449,000001000100
10,-0.2,-1,0,0.124333,-0.402995,-10.051353,0010001000
5,0.2,-4,0,-2.787372,-3.392904,-4.510639,10100
15,-0.3,-3,0,5.518034,-0.408691,-8.747195,000010000010000
5,-0.4,0.5,0,-3.576975,-3.576975,-5.569966,01100
15,-0.3,-1,0,-1.419378,-1.419378,-6.937854,010100000000000
12,0.1,1,0,-4.962352,-4.962352,-7.787707,001000000100
7,0.2,0,0,-5.477539,-5.477539,-8.315684,0100100
15,-0.4,0.5,0,-0.597478,-0.597478,-6.833335,010100000000000
5,0.1,-6,0,-1.777946,-2.709809,-5.02191,10010
7,-0.5,0,0,-0.388173,-1.076302,-7.426984,1000010
7,0.5,1,0,-11.116351,-11.116351,-8.864344,0011000
5,-0.3,-5,0,1.154048,-1.620636,-5.666384,10010
12,0,-3,0,-1.794956,-1.794956,-5.301978,000001010000
7,0,-5,0,-1.13615,-1.13615,-4.67371,0011000
5,-0.2,-1,0,-3.372639,-3.372639,-5.469845,01100
12,0.3,0.5,0,-9.991822,-9.991822,-7.425539,000000001100
15,0.4,-1,0,-6.855386,-6.855386,-9.806172,000001000100000
7,0.3,-6,0,-2.720784,-3.732022,-6.336372,0010010
5,-0.1,-3,0,0.153106,-1.120594,-5.009058,01010
15,-0.2,-2,0,-0.285685,-0.365973,-9.457489,000010010000000
5,0.5,-4,0,-4.842241,-5.122029,-4.872709,10010
7,0,-1,0,-1.67077,-1.67077,-7.722513,0100010
7,-0.1,-6,0,0.862836,-1.364392,-6.05489,1000010
10,0,0.5,0,-6.132901,-6.132901,-6.230392,0000011000
7,-0.5,-1,0,-1.171157,-1.171157,-6.75675,0001100
5,0.5,1,0,-9.650914,-9.650914,-8.229162,10010
5,0,-5,0,-2.484692,-2.484692,-3.412654,11000
7,-0.1,0,0,-2.532964,-2.532964,-8.101119,0100100
15,0.5,1,0,-14.7945,-14.7945,-4.503446,000110000000000
7,0,-4,0,-1.666507,-1.666507,-4.432197,0000110
5,0.2,1,0,-8.68846,-8.68846,-5.491437,11000
10,0.5,0,0,-9.034921,-9.034921,-6.47152,0100100000
15,-0.2,-1,0,0.383167,-0.422962,-11.815543,000001000100000
12,-0.1,1,0,-2.038052,-2.038052,-7.900233,001001000000
7,0.5,0,0,-8.028295,-8.028295,-6.484794,0100100
10,0.3,-2,0,-6.055374,-6.055374,-5.415003,0100100000
5,-0.4,-2,0,1.258826,-1.393329,-6.048352,10010
7,-0.4,0.5,0,-0.273533,-0.551132,-8.002307,0010010
12,0.2,-4,0,-1.198943,-2.237972,-8.081576,000100000010
10,-0.4,-3,0,4.770923,-0.387101,-6.125621,0000010010
7,-0.5,-6,0,2.522593,-0.213872,-5.514594,0011000
15,0,1,0,-1.39644,-1.39644,-10.441663,000100000001000
12,-0.2,0.5,0,-2.02544,-2.02544,-7.870588,000101000000
12,-0.1,0,0,-4.82472,-4.82472,-6.405428,001100000000
15,0.5,-4,0,-5.769688,-6.615118,-4.843356,1E+14
15,-0.2,0.5,0,0.018632,-0.730495,-10.164919,001000000000010
12,-0.2,1,0,-3.69228,-3.69228,-6.798467,000000011000
5,-0.2,-6,0,-0.267648,-0.681134,-4.301173,01100
12,-0.2,-6,0,4.61491,-0.432817,-8.377101,000100000010
15,0.1,1,0,-4.147725,-4.147725,-9.274867,000001000100000
5,0.1,-2,0,-2.232526,-2.759511,-5.631813,10010
15,0.2,-3,0,-4.436694,-4.436694,-5.823326,1.00001E+14
15,-0.5,-2,0,0.352598,-0.244102,-7.703449,000001010000000
15,-0.5,-6,0,-1.456912,-1.456912,-4.51775,011000000000000
7,0.5,-3,0,-7.245234,-7.245234,-3.769318,0110000
5,0.4,-3,0,-5.882981,-5.882981,-3.087442,11000
10,0.1,-2,0,-4.601457,-4.601457,-5.705478,0000011000
12,-0.2,-2,0,-2.494124,-2.494124,-6.568941,000000011000
15,-0.3,0.5,0,2.891628,-0.470589,-10.171744,010000000000100
10,-0.3,-3,0,-4.853643,-4.853643,-4.813606,1100000000
15,-0.4,-2,0,3.951944,-0.361602,-7.823262,000000000100100
15,0.1,-2,0,0.123532,-0.871054,-10.838472,000001000000010
7,-0.3,0,0,-0.662924,-0.662924,-7.454034,0010010
15,0,-5,0,2.316507,-0.908999,-8.687021,010000000010000
12,-0.3,0.5,0,0.065445,-0.378959,-8.519459,000010010000
5,0.2,-1,0,-4.882251,-4.882251,-6.085891,10100
15,0.5,-3,0,-8.477117,-8.477117,-1.348899,010000100000000
10,0.4,-3,0,-4.222448,-4.806292,-6.645236,1000000010
10,0.2,-3,0,-4.485086,-4.485086,-4.836312,0000011000
15,0.3,-4,0,-3.038825,-3.859013,-6.72374,000000000100100
5,-0.1,1,0,-4.621914,-4.621914,-7.583777,10010
12,0.1,-4,0,-2.203986,-2.42749,-2.893969,1.001E+11
7,-0.5,-5,0,0.029755,-0.292723,-4.80327,0110000
7,-0.2,-2,0,-3.021963,-3.021963,-6.060358,0011000
15,-0.5,-1,0,6.515683,-0.311094,-6.203636,000010000000010
10,-0.5,-2,0,1.23627,-0.286833,-4.185777,0000000110
7,0,0.5,0,-7.128059,-7.128059,-5.313766,1100000
5,0.2,-6,0,-2.603179,-3.171142,-5.194165,10010
10,0.1,-5,0,-1.325338,-2.020957,-3.807667,0101000000
12,0,1,0,-2.388975,-2.388975,-8.430922,000100001000
12,-0.2,-5,0,-1.348152,-1.348152,-3.141267,1.01E+11
7,0.4,-1,0,-7.715247,-7.715247,-6.618144,1001000
12,0.3,-6,0,-2.879583,-3.64861,-6.03103,010100000000
15,-0.2,0,0,-0.647959,-1.367496,-10.511523,1.00001E+14
5,-0.2,-5,0,-0.280831,-0.683785,-4.352564,01100
12,0.2,0,0,-6.85697,-6.85697,-7.859334,010100000000
10,-0.1,0,0,-1.457141,-1.457141,-8.956867,0001000100
15,-0.1,1,0,-0.275626,-0.765541,-9.731073,000100000000100
12,-0.1,-6,0,3.613774,-0.480044,-6.842603,010000001000